week,day
1,mon1
1,mon2
1,thuN
1,sunP
1,sunE
1,sunL
1,sunDH
2,mon1
2,thuN
2,sunP
2,sunE
2,sunL
2,sunDH
3,mon1
3,thuN
3,sunP
3,sunE
3,sunL
3,sunDH
4,mon1
4,thuN
4,sunP
4,sunE
4,sunL
4,sunDH
5,mon1
5,thuN
5,sunP
5,sunE
5,sunL
5,sunDH
6,mon1
6,thuN
6,sunP
6,sunE
6,sunL
6,sunDH
7,mon1
7,thuN
7,sunP
7,sunE
7,sunL
7,sunDH
8,mon1
8,thuN
8,sunP
8,sunE
8,sunL
8,sunDH
9,mon1
9,thuN
9,sunP
9,sunE
9,sunL
9,sunDH
10,mon1
10,thuN
10,sunP
10,sunE
10,sunL
10,sunDH
11,mon1
11,thuN
11,sunP
11,sunE
11,sunL
11,sunDH
12,thuE
12,thuL
12,thuN
12,sunP
12,sunE
12,sunL
12,sunDH